{
  "Logistic Regression": {
    "val_auroc": 0.5769102216988146,
    "val_auprc": 0.37679991616005626,
    "test_auroc": 0.5844076460250096,
    "test_auprc": 0.382180374945964
  },
  "Random Forest": {
    "val_auroc": 0.6056249501514765,
    "val_auprc": 0.40522464660936386,
    "test_auroc": 0.6098765667851789,
    "test_auprc": 0.4086983345738699
  },
  "XGBoost": {
    "val_auroc": 0.6041056692013131,
    "val_auprc": 0.40508496696453444,
    "test_auroc": 0.607470730579439,
    "test_auprc": 0.4044226997351644
  }
}